Titre;image_url
007 Spectre;https://image.tmdb.org/t/p/w500/AwCpcShhgRqoVPWhOzs4JiI4dlK.jpg
1001 pattes;https://image.tmdb.org/t/p/w500/wtGgCxW4TylnDAXtIf3yuXixipC.jpg
102 Dalmatiens;https://image.tmdb.org/t/p/w500/wyCEkPCGa3AbqkYkcxC1p6VMb9i.jpg
12 Years a Slave;https://image.tmdb.org/t/p/w500/AeoXonCArZda8vgBb7IbXiUJsdi.jpg
2012;https://image.tmdb.org/t/p/w500/fuImIBldvqlh21mJNJzFKUdUU3u.jpg
24 heures chrono : Rédemption;
3 zéros;https://image.tmdb.org/t/p/w500/tYq9Ht0gSwiUn7O1XrLeXv65uEP.jpg
300;https://image.tmdb.org/t/p/w500/hGZ9sDGcekhJUFmu3NnOhRT8uQS.jpg
4 Zéros;https://image.tmdb.org/t/p/w500/ePNu4AuhdisRLTxm8Hup8NUN6UJ.jpg
À la recherche du bonheur;https://image.tmdb.org/t/p/w500/oEoVMLxQAgWlX0IUVty8orD7DrQ.jpg
A Normal Family;https://image.tmdb.org/t/p/w500/6oKxIHM08TRkv7QCpi9cqHU1q9F.jpg
Agent zéro zéro;https://image.tmdb.org/t/p/w500/uK4Ekx9tpYz4QAwzFX8aJIrtZL6.jpg
Akira;https://image.tmdb.org/t/p/w500/8fCn7TwTe0Z4fTugIiLssX6UcHe.jpg
Alerte rouge;https://image.tmdb.org/t/p/w500/wmcbGp8IbEkYWQmCJWSRfzeCdP9.jpg
Alice au Pays des Merveilles;https://image.tmdb.org/t/p/w500/w2FB25izMMWDoVckloSej0ctDJ2.jpg
Amélie et la métaphysique des tubes;https://image.tmdb.org/t/p/w500/5hOW0E9llZy2rfgom0UrO1OLaCC.jpg
American Pie;https://image.tmdb.org/t/p/w500/OP7JhCmGQuDnm1TpPf2DtqCt7W.jpg
American Pie : Marions-les !;https://image.tmdb.org/t/p/w500/5MbwKstuKqyedSq9dqujCNCPEc4.jpg
American Pie présente : No Limit !;https://image.tmdb.org/t/p/w500/9Fs5N5FtjzolskV79PUgiCWGgw3.jpg
American Pie présente : String Academy;https://image.tmdb.org/t/p/w500/hIeKDdUX8pNCiiCUTSLFYN2O2XA.jpg
Anatomie d'une chute;https://image.tmdb.org/t/p/w500/nSwQKCsDdj2S56mG7Yz2YGfrLT6.jpg
"Anges &amp; Démons";
Animal;https://image.tmdb.org/t/p/w500/hr9rjR3J0xBBKmlJ4n3gHId9ccx.jpg
Anzu, chat-fantôme;https://image.tmdb.org/t/p/w500/70tlRVGlvStE9GOFxc7y0svxjfD.jpg
Appelez-moi le Père Noël !;
Argo;https://image.tmdb.org/t/p/w500/rFbaGeSB6Vbf0L0hbCn4FopCgQ9.jpg
Armageddon;https://image.tmdb.org/t/p/w500/45kba3oT8q7BtsP9XsMIU3x8j0N.jpg
Arrietty : Le petit monde des chapardeurs;https://image.tmdb.org/t/p/w500/1rlhCRuz2GYrJEKjYPfK2IJv8aD.jpg
Assassin's Creed;https://image.tmdb.org/t/p/w500/nDkC47MBBjRyk3damnqMgQGlwIe.jpg
"Astérix &amp; Obélix : Au service de sa Majesté";
"Astérix &amp; Obélix : Mission Cléopâtre";
"Astérix &amp; Obélix contre César";
Astérix : Le domaine des dieux;https://image.tmdb.org/t/p/w500/lhB8cU7sHMy4ibKHVn67YcP4dI.jpg
Astérix : Le Secret de la potion magique;https://image.tmdb.org/t/p/w500/bMYpBVc0bS0ykEXSjRXIat6ooJf.jpg
Astérix aux Jeux Olympiques;https://image.tmdb.org/t/p/w500/qCy6c8UVEoUeA0cEn6Dkufd3mI9.jpg
Astérix chez les Bretons;https://image.tmdb.org/t/p/w500/1MWTDqNWLzjs9HUtC8aKanNLZLH.jpg
Astérix et Cléopâtre;https://image.tmdb.org/t/p/w500/vbCoUNPusruOwCxPZpet2zUMNh.jpg
Astérix et la surprise de César;https://image.tmdb.org/t/p/w500/8kY2WmF9PgkzfmtcPyW1AmQJswu.jpg
Astérix et le coup du menhir;https://image.tmdb.org/t/p/w500/uu0Ixw36nxrzsx03Tdfak2qN1VU.jpg
Asterix et les Indiens;https://image.tmdb.org/t/p/w500/6jus76O2EkosG7S3NiofgavZQPc.jpg
Astérix et les Vikings;https://image.tmdb.org/t/p/w500/4YG3fv8qu20PMhDbna0sL1J00Np.jpg
Astérix le Gaulois;https://image.tmdb.org/t/p/w500/hTjdYzjOvSCyO4Un8NQszX9nwwg.jpg
Au-delà;https://image.tmdb.org/t/p/w500/8GF2ut0cWOkg0rSo1Pb2HwEKG6T.jpg
Avant toi;https://image.tmdb.org/t/p/w500/uNpiKNBkY2RV1uyYpDle9LAU0VH.jpg
Avatar;https://image.tmdb.org/t/p/w500/v5Y8pVwJK68SKQQ1GRbIB1hkPDy.jpg
Avatar : La Voie de l'Eau;https://image.tmdb.org/t/p/w500/kQYx143yujkwyjJdZH2skOGeQfA.jpg
Avengers : L'Ère d'Ultron;https://image.tmdb.org/t/p/w500/5eEp3sPiCfy46BKuaMXDB2djSbd.jpg
Avengers: Endgame;https://image.tmdb.org/t/p/w500/wF7jv3x51hXgkl7t5KHePuRjXc8.jpg
Avengers: Infinity War;https://image.tmdb.org/t/p/w500/hSfuKPtyEryeFzapZ8UgZd4aESu.jpg
Avengers;https://image.tmdb.org/t/p/w500/ylsAO88v2tF0iXRFojPa0UaAJf1.jpg
Babe, le cochon dans la ville;https://image.tmdb.org/t/p/w500/hUB9C6H1pTTBlnA9BZwUpDFQ8t.jpg
Babe, le cochon devenu berger;https://image.tmdb.org/t/p/w500/4XMoh8c2pScW9WbuG80EOePNDgs.jpg
Babel;https://image.tmdb.org/t/p/w500/c2wjEwMF4K81X24CsaBukVuHvBx.jpg
BAC Nord;https://image.tmdb.org/t/p/w500/r2NnRp4mi4G3e0x9zINQIcnGNd8.jpg
Backdraft;https://image.tmdb.org/t/p/w500/sIiGpKfMkw2lIx5ifugRA8J2u1E.jpg
Banking on Bitcoin;https://image.tmdb.org/t/p/w500/qW3vsno24UBawZjnrKfQ1qHRPD6.jpg
Barbie;https://image.tmdb.org/t/p/w500/iuFNMS8U5cb6xfzi51Dbkovj7vM.jpg
Batman;https://image.tmdb.org/t/p/w500/1xXiKuQapT5g5xf1g0TaWlVDzfx.jpg
Batman Begins;https://image.tmdb.org/t/p/w500/taKcn26BMWnsUcMFSlr5RfGDtFB.jpg
Bean;https://image.tmdb.org/t/p/w500/cKB9VO7vN61yhOxvCVhZ6ibI8Jo.jpg
Beasts Of No Nation;https://image.tmdb.org/t/p/w500/1D4vcJmJc58WXarpRtwgd2do9Rg.jpg
Beethoven;https://image.tmdb.org/t/p/w500/a8YSInOLcr8Fw0G6UAKnToaJ6vQ.jpg
Beethoven 2;https://image.tmdb.org/t/p/w500/noB4aomJMiajsfK2zUU8H9B5qPU.jpg
Belle et Sébastien;https://image.tmdb.org/t/p/w500/nRcxye6UF9sayAqyPnJG9aFDV45.jpg
Belle et Sébastien 3, le dernier chapitre;https://image.tmdb.org/t/p/w500/dRke7UmIqsQTte197NSL9NYrTOz.jpg
Belle et Sébastien : L'aventure continue;https://image.tmdb.org/t/p/w500/guu86gD4I1Uu1uvWhmSNkuJKz8E.jpg
Benjamin Gates et le Livre des Secrets;https://image.tmdb.org/t/p/w500/iIjlxzt3HKVxcHdGqDOifhFRTWr.jpg
Benjamin Gates et le Trésor des Templiers;https://image.tmdb.org/t/p/w500/iTXZpOVfQv8lPmLixHx38hDUw8r.jpg
Bienvenue chez les Ch'tis;https://image.tmdb.org/t/p/w500/dfht1lGq2ALbrRkMj35dUrj5kHG.jpg
Bird Box;https://image.tmdb.org/t/p/w500/egw9RD6mm1qIcWuVcmcIhs7qkd1.jpg
Black Panther;https://image.tmdb.org/t/p/w500/g94IcdzPswTYl1ISdgn2EwvaZtt.jpg
Black Panther: Wakanda Forever;https://image.tmdb.org/t/p/w500/rNTKgJdJ8tyfpiUug5ittECK8CS.jpg
Blade Runner;https://image.tmdb.org/t/p/w500/zHKWxyG4j404HVeSYHNH4niUpkW.jpg
Blanche Gardin : Bonne Nuit Blanche;https://image.tmdb.org/t/p/w500/t7gvgmK7t9InobiWfZYj9VqaZQo.jpg
Blanche Gardin : Je parle toute seule;https://image.tmdb.org/t/p/w500/qfQSBFfxZbdjKhoMJYFfUqT7jXE.jpg
Blood Diamond;https://image.tmdb.org/t/p/w500/6fwxe4yGfEEmhRlmkcDk9dAVzAe.jpg
Bohemian Rhapsody;https://image.tmdb.org/t/p/w500/zpf6mrGZ0BbdsfzwUP0Nzp3hJEb.jpg
Boudu;https://image.tmdb.org/t/p/w500/givvJ7jorPyQ6nO9lnPx99HsBr4.jpg
Brice de Nice;https://image.tmdb.org/t/p/w500/eak0GxOsRmvEbr53yf7jbM8SD8u.jpg
Bruce tout-puissant;https://image.tmdb.org/t/p/w500/qUHtc0BWRK7i9TZVYFip78p1Fs4.jpg
Burning days;https://image.tmdb.org/t/p/w500/mtlVmoeeLbPa5o1hxRrp7xORjvu.jpg
Buzz l'Éclair;https://image.tmdb.org/t/p/w500/7Xr68P8h2V7P9rwh7Eb6wwpSTUR.jpg
C'est arrivé près de chez vous;https://image.tmdb.org/t/p/w500/3h7PYinvLGVL6tjUGzmmDycMEmm.jpg
Camping;https://image.tmdb.org/t/p/w500/7flI2OwTuWKQdZiWRZ6tw6ijvEB.jpg
Camping 2;https://image.tmdb.org/t/p/w500/vlJdgFdRNVJ37RpTrl97zBT7P7Q.jpg
Captain America : First Avenger;https://image.tmdb.org/t/p/w500/5YBuVeOIiYL9PEJe6CIs54zkLDj.jpg
Captain America : Le soldat de l'hiver;https://image.tmdb.org/t/p/w500/eXK5WW4kwAJMOj1Gf4Pae6jKWVL.jpg
Captain Marvel;https://image.tmdb.org/t/p/w500/3v6dxV5l6Zs2OcrAnIcuE9POeGY.jpg
Casino Royale;https://image.tmdb.org/t/p/w500/1ST7phuvQsaAIIkRyAtESZFLMx9.jpg
Causeway;https://image.tmdb.org/t/p/w500/2MbyLjbqXZ8hZh7FXSPOpVLFer1.jpg
Chicken Run;https://image.tmdb.org/t/p/w500/ruzbg5sct32VVAtpyUzK4nTiLVb.jpg
Coco;https://image.tmdb.org/t/p/w500/sZqcEV3KhDITHlUBmyj1a3RRvT9.jpg
CODA;https://image.tmdb.org/t/p/w500/ycgjiTDsO5mQAqyYGNiinAVO04t.jpg
Cody Banks agent secret 2 : Destination Londres;https://image.tmdb.org/t/p/w500/5KwX32uZnHrjd3oCDwxZ8P7QqMO.jpg
Conclave;https://image.tmdb.org/t/p/w500/8BPRVN1oajfhnDFJiaN3cc4nhso.jpg
Cowspiracy: The Sustainability Secret;https://image.tmdb.org/t/p/w500/lzU2Qr2qTdPTB33aiaMTwSLULnY.jpg
Crows Zero II;https://image.tmdb.org/t/p/w500/oCBbnyRu0ALxtJeN4ERpUrAh9es.jpg
Crows Zero;https://image.tmdb.org/t/p/w500/4smSqcth3rH0gCKEUEHKuBk4fSG.jpg
Da Vinci Code;https://image.tmdb.org/t/p/w500/q6wt3HwGwRnzKbpgwNTeIZgHKkH.jpg
Danny the Dog;https://image.tmdb.org/t/p/w500/lqpjz8zrlhX4e6HJ4Ntp0ELTFcs.jpg
Date limite;https://image.tmdb.org/t/p/w500/tm29Vp31IG39iWL0BcA6EpQssEU.jpg
De l'autre côté du lit;https://image.tmdb.org/t/p/w500/sl0HSc0Jd6CGkHM0unDSJn3lSHy.jpg
Deadpool;https://image.tmdb.org/t/p/w500/z5VjcCEioj2c2dvxmoqBW0Rj8Xj.jpg
Deep Web;https://image.tmdb.org/t/p/w500/sk6KzLhpWizGBrEt04qyzUqmSkn.jpg
Demain;https://image.tmdb.org/t/p/w500/d60cFM5EQOBZyN7RHiC2yUmeEqa.jpg
Demain ne meurt jamais;https://image.tmdb.org/t/p/w500/6sHUh1Zvz5QXDJbSvGErfNatwBD.jpg
Demon Slayer -Kimetsu no Yaiba- Le Film : Le train de l'infini;https://image.tmdb.org/t/p/w500/t3BCcQNhUAP5l93TbOfp3Hk1v2S.jpg
Demon Slayer: Kimetsu no Yaiba - La Forteresse Infinie;https://image.tmdb.org/t/p/w500/wXTU3AFmlUPbqjH68MZ989uHd6k.jpg
Détective Pikachu;https://image.tmdb.org/t/p/w500/gsoZQqBX04yXe5nXNKyILy9fuuF.jpg
Didier;https://image.tmdb.org/t/p/w500/bJ6HtIxYPUJh6vo0IbnmmPYLci2.jpg
Die Hard 4 : Retour en enfer;https://image.tmdb.org/t/p/w500/mn8bwgfQgNV8bqKnazHAW6C6e0D.jpg
Différente;https://image.tmdb.org/t/p/w500/2uhAFBTnDmqiAtJOlFU53PoonYV.jpg
Digimon, Le film;https://image.tmdb.org/t/p/w500/1pxSYa3Vo9khURZpfimwG4WzQMV.jpg
Divergente 2 : L'insurrection;https://image.tmdb.org/t/p/w500/dtRKONnsCCfsa6BXrZqSKWN6k7m.jpg
Divergente 3 : Au-delà du mur;https://image.tmdb.org/t/p/w500/wy5jkm3MlRTxdFKbxPUsvRmkyKy.jpg
Divergente;https://image.tmdb.org/t/p/w500/rc25JS5MmHHXvuk1j99XQh777MB.jpg
Django Unchained;https://image.tmdb.org/t/p/w500/vRXUnWrXUgXRoX0BaEcuNMfyeQt.jpg
Doctor Strange;https://image.tmdb.org/t/p/w500/7wZ7mx7tY5SgflQKuJmQvwu3wGm.jpg
Don?t Look Up : Déni cosmique;https://image.tmdb.org/t/p/w500/pUFoWtUNQLDHHDMm0rVX3uOhIeu.jpg
Double Zéro;https://image.tmdb.org/t/p/w500/vCPKGHTiuxg3y7JsWfN0ScoWAQ4.jpg
Downton Abbey;https://image.tmdb.org/t/p/w500/6pHoqhsl8Q7oVYWfszjoSXRtYEj.jpg
Downton Abbey II : Une nouvelle ère;https://image.tmdb.org/t/p/w500/teYMogDstTHWoKwCpiEC79Rz8tM.jpg
Downton Abbey III : Le Grand Final;https://image.tmdb.org/t/p/w500/6pHoqhsl8Q7oVYWfszjoSXRtYEj.jpg
Drive-Away Dolls;https://image.tmdb.org/t/p/w500/ccTvcYPTq9oSVAgIAsCHrwbWJVx.jpg
Dune;https://image.tmdb.org/t/p/w500/qpyaW4xUPeIiYA5ckg5zAZFHvsb.jpg
Dune : Deuxième partie;https://image.tmdb.org/t/p/w500/dM2eC02Dq3iMtBZZDFtXSLHfFKJ.jpg
E.T. l'extra-terrestre;https://image.tmdb.org/t/p/w500/5jl5sfhTeAlp60rM9GxoDA2dmX9.jpg
Effacer l'historique;https://image.tmdb.org/t/p/w500/nGyMTLluH8gi4nAY6l75ejbmWQq.jpg
Élémentaire;https://image.tmdb.org/t/p/w500/rzY5kUJJ1zGfingV2oHyyxtlGNa.jpg
Elephant Man;https://image.tmdb.org/t/p/w500/zf9GBMbvU2KA8dDpZ2MaApUsFX8.jpg
Éléphants;https://image.tmdb.org/t/p/w500/8TMjCj1d1FcmAIZHmingAm3k8Hm.jpg
Elio;https://image.tmdb.org/t/p/w500/jaKbruwD7KLlnprsse1zuOm4o2a.jpg
Elle s'appelait Sarah;https://image.tmdb.org/t/p/w500/73mNU1Dgc5ClgMEIyklLwMRwinI.jpg
En avant;https://image.tmdb.org/t/p/w500/iEYuYk7Wn1RjQdbKKXxG3XN45tM.jpg
En cloque, mode d'emploi;https://image.tmdb.org/t/p/w500/9XOS5QjbCJCdhjjXbs7vR555dbJ.jpg
En quête de sens;https://image.tmdb.org/t/p/w500/vtcpDX2UXJOngJePltHdkIOKTIZ.jpg
Entre les murs;https://image.tmdb.org/t/p/w500/douDslyUiFSfs9e3ep2ngUo2tsH.jpg
Eragon;https://image.tmdb.org/t/p/w500/dHzHRTyuEpJbzGRtFoRY7vOnZj8.jpg
Escobar;https://image.tmdb.org/t/p/w500/fgGeAalqNPsg6cVf4Z8OUjO1vAN.jpg
Experimenter;https://image.tmdb.org/t/p/w500/kMTLGbekuHkpw4M8XKdN2d7n2aF.jpg
F1® LE FILM;https://image.tmdb.org/t/p/w500/up0kyZZlLX24dE9SzDuTjXe6HFl.jpg
Faites sauter la banque !;https://image.tmdb.org/t/p/w500/cz7LwYjJCwjkPNC1Eid3hRK1dwE.jpg
Fantomas;https://image.tmdb.org/t/p/w500/59I8CjwhPvYOhTlQDMRxVKdafw2.jpg
Fantômas contre Scotland Yard;https://image.tmdb.org/t/p/w500/8wYRaF4Z2cxS0HV7ityueJzvOKv.jpg
Fantômas se déchaîne;https://image.tmdb.org/t/p/w500/tM4FwCFaS4f07ADEq4SpNhbPyml.jpg
Final Fantasy VII: Advent Children;https://image.tmdb.org/t/p/w500/mVPk3CJZsdY86O7y3yn29NI0VxS.jpg
Finch;https://image.tmdb.org/t/p/w500/eEJtzD1F05xDipFEDY98CTH5yZn.jpg
Food Choices;https://image.tmdb.org/t/p/w500/gU1TfrhkrkaHYr5M1VIxAV7EIH6.jpg
Gangs of New York;https://image.tmdb.org/t/p/w500/UYbOQyJkfHWejmIq0k10hPb7w8.jpg
Gatsby le magnifique;https://image.tmdb.org/t/p/w500/apvQQZTVLTEHrkQiDdUe3jUDY9Y.jpg
Gladiator;https://image.tmdb.org/t/p/w500/5gJOu3t2QrznuJqjCG7FQDMI76t.jpg
Gladiator II;https://image.tmdb.org/t/p/w500/sUnGXbEdXlgHlK3EkmB5w2NiLlc.jpg
Goal ! Naissance d'un prodige;https://image.tmdb.org/t/p/w500/eOoG7vlGVxVmiHXnKMC5X4EYWC5.jpg
Goal 2 : La consécration;https://image.tmdb.org/t/p/w500/5uRYcVMkvfy8KomGdsfSSO3f4Bp.jpg
God Save The Tuche;https://image.tmdb.org/t/p/w500/ntBV03zpD63GHXlU5YM5inmzsRu.jpg
Goliath;https://image.tmdb.org/t/p/w500/7lk068aWyOynhZU3jooaZnjFxa8.jpg
Gone Girl;https://image.tmdb.org/t/p/w500/7xkJ1ACu40BjzLHVPRILWjFvW7.jpg
Gran Torino;https://image.tmdb.org/t/p/w500/sVmDIIFPzbyEz87dZYpLfetn4Lm.jpg
Gravity;https://image.tmdb.org/t/p/w500/cPrUo65h0CDXsAB9t3yL6wfv6j1.jpg
Green Lantern;https://image.tmdb.org/t/p/w500/7MMrRbyOts9v1YHYoc7LSrz8XnQ.jpg
Hancock;https://image.tmdb.org/t/p/w500/e2eeuY0FOeOhKNJ9TeTvpDjmUdi.jpg
Happiness Therapy;https://image.tmdb.org/t/p/w500/tgL422C6HC5BgG4kAu0jS5zenKC.jpg
Happy;https://image.tmdb.org/t/p/w500/zQMstbXZA0nEeKU6uFbwhJ650cG.jpg
Harry Potter à l'école des sorciers;https://image.tmdb.org/t/p/w500/fbxQ44VRdM2PVzHSNajUseUteem.jpg
Harry Potter et l'Ordre du Phénix;https://image.tmdb.org/t/p/w500/9ZfpCVNx0y8jpColnnfdA1HI4Zb.jpg
Harry Potter et la chambre des secrets;https://image.tmdb.org/t/p/w500/8KpHRokGpiaqEGpjYe0rpywtvUx.jpg
Harry Potter et la Coupe de Feu;https://image.tmdb.org/t/p/w500/hBak1pn5pbI4ycAbrgMMn1YI7P1.jpg
Harry Potter et le Prince de sang-mêlé;https://image.tmdb.org/t/p/w500/A4WWOzWUASfUeESXxduQxVmoD7t.jpg
Harry Potter et le Prisonnier d'Azkaban;https://image.tmdb.org/t/p/w500/t4P2079IyK19njHDP2GwQrKdvzd.jpg
Harry Potter et les Reliques de la Mort : 1ère partie;https://image.tmdb.org/t/p/w500/yJm61MmTMjOmNXxPxdoaIkdqnOm.jpg
Harry Potter et les Reliques de la Mort : 2ème partie;https://image.tmdb.org/t/p/w500/alQOPmKEPHkH4BLMEla1vTNYrUr.jpg
Hatchi;https://image.tmdb.org/t/p/w500/cXZpNMUwrlnNRXwDc8yQaQx17W7.jpg
Hellboy;https://image.tmdb.org/t/p/w500/wOuV25q9QoBEO6hmAvmgT5wd6qf.jpg
Her;https://image.tmdb.org/t/p/w500/nkWXW5blXGmOEoDejRgy83sSb6T.jpg
Hibernatus;https://image.tmdb.org/t/p/w500/dQTG9gwSgaGD9T8vukNFPMOcBh0.jpg
High School Musical 2;https://image.tmdb.org/t/p/w500/la2kiVWDm2vuB4APZDgCCmuBh4K.jpg
High School Musical 3 : Nos années lycée;https://image.tmdb.org/t/p/w500/6hI65Jzc89AV3Mc5p7bfrFA6Rdt.jpg
High School Musical : Premiers pas sur scène;https://image.tmdb.org/t/p/w500/pIsgiOQ7G9tRwCCXFgmUTzPuZtu.jpg
Hooligans;https://image.tmdb.org/t/p/w500/mKe77lSxJlkIrJUbMiSIqav9jpN.jpg
Hunger Games : L'Embrasement;https://image.tmdb.org/t/p/w500/32mRJXEjmpcVYcQFvzvXCLPsUgS.jpg
Hunger Games : La Révolte - Partie 1;https://image.tmdb.org/t/p/w500/4LzjVMUit99buiiuhqW4pe0OhmA.jpg
Hunger Games : La Révolte - Partie 2;https://image.tmdb.org/t/p/w500/ojFCU0K7Err8n87VOONrnrCcQxj.jpg
Hunger Games;https://image.tmdb.org/t/p/w500/4LzjVMUit99buiiuhqW4pe0OhmA.jpg
I, Robot;https://image.tmdb.org/t/p/w500/5lxgTqmvxazjR9veAUXm1x3mX2o.jpg
Identité secrète;
Il reste encore demain;https://image.tmdb.org/t/p/w500/bgOS0ILhxR6tNzkzS2QvwkOGfGb.jpg
Imitation Game;https://image.tmdb.org/t/p/w500/gBxCZuieAe8KClWWP1vVijXBlTp.jpg
Incassable;https://image.tmdb.org/t/p/w500/t2Vvyqs3M7706Da1dUVDwP2bE7d.jpg
Inception;https://image.tmdb.org/t/p/w500/aej3LRUga5rhgkmRP6XMFw3ejbl.jpg
Independence Day : Le Jour de la riposte;
Indiana Jones et la Dernière Croisade;https://image.tmdb.org/t/p/w500/kD1y7bgbkXvN3RkYogFMlyQR6Ci.jpg
Indiana Jones et le royaume du crâne de cristal;https://image.tmdb.org/t/p/w500/rARRcuwWjzdD1e2J6eJMpHkawz0.jpg
Indiana Jones et le temple maudit;https://image.tmdb.org/t/p/w500/oiUd1KUXWZeDPGMr8TrtZcXzpQU.jpg
Inglourious Basterds;https://image.tmdb.org/t/p/w500/lPKwFzX4TiWLA4Mo5Bnf8aIIrJm.jpg
Interstellar;https://image.tmdb.org/t/p/w500/1pnigkWWy8W032o9TKDneBa3eVK.jpg
Intouchables;https://image.tmdb.org/t/p/w500/usYMMeRiLZ2I5363w1XG25nXqvU.jpg
Invictus;https://image.tmdb.org/t/p/w500/4zpsqUf8XFzk4sYbGSXBap1bQKh.jpg
Iron Man;https://image.tmdb.org/t/p/w500/kNKUCNLu1lZDGAHOBEHxR6psYHx.jpg
Iron Man 2;https://image.tmdb.org/t/p/w500/g9DSeSozGi4zpUyeOYZYMNmIv9O.jpg
Iron Man 3;https://image.tmdb.org/t/p/w500/jX5UIxD3foocHEmElISh9Cketg1.jpg
J'ai faim !!!;https://image.tmdb.org/t/p/w500/wx49sOAdb0fluHkTy2e81ZAjc1K.jpg
J. Edgar;https://image.tmdb.org/t/p/w500/whL1EHosFDSQG8Q8XXvDItyy0Nl.jpg
J.K. Rowling : La magie des mots;https://image.tmdb.org/t/p/w500/etyJ411jUI0fBMD56y49aWnQJcE.jpg
Jappeloup;https://image.tmdb.org/t/p/w500/qZo3ihPtTMyHjdnYCh2NBftJWnd.jpg
Je suis toujours là;https://image.tmdb.org/t/p/w500/ufDNtvHWIEFazzXGXL0YSNsmjRw.jpg
Je suis une légende (2007);
Je verrai toujours vos visages;https://image.tmdb.org/t/p/w500/wNo8WsNb8y5jCx8hYfISL5Uz6kz.jpg
Jo;https://image.tmdb.org/t/p/w500/h4vaRtMxokNjU1IDWouQxK6eN0o.jpg
Jobs;https://image.tmdb.org/t/p/w500/83kFS7HLhPKFsGF6xKrfmprNYWh.jpg
Johnny English;https://image.tmdb.org/t/p/w500/qsSUH8zkRhbY23ebAuIHE0PhMUc.jpg
Johnny English contre-attaque;https://image.tmdb.org/t/p/w500/lkYOD4vYsuhRKQ8grKjUY9acWdF.jpg
Johnny English, le retour;https://image.tmdb.org/t/p/w500/bRMdfPlHNbnpifEUIOEajxl8BcX.jpg
Jojo Rabbit;https://image.tmdb.org/t/p/w500/1uiuoWE0XUqCZpwWKMQwoFpqjkp.jpg
Joker;https://image.tmdb.org/t/p/w500/tWjJ3ILjsbTwKgXxEv48QAbYZ19.jpg
Joue-la comme Beckham;https://image.tmdb.org/t/p/w500/oJxRUvK46J00BFjoKFD3FAvagh9.jpg
Joyeux Noël;https://image.tmdb.org/t/p/w500/lZ2HM8khLugaTiA1j8S7NiVoxiB.jpg
Jumanji : Next Level;https://image.tmdb.org/t/p/w500/sC31ja7yVxXwggx3oNuf9hVSg0G.jpg
Juno;https://image.tmdb.org/t/p/w500/9YoQNtd0e6WAaF6uvw2EcIXy8px.jpg
Jurassic Park;https://image.tmdb.org/t/p/w500/i268GVIlp777W1Ykws5R3LYYLIw.jpg
Kaamelott - Deuxième Volet [partie 1];https://image.tmdb.org/t/p/w500/qozUrQZwmsTEFfLziB6r6Swxdb0.jpg
Kaamelott, Premier volet;https://image.tmdb.org/t/p/w500/4mcovnajaLoy7dbv5arykJjDFFC.jpg
Kick-Ass;
Kick-Ass 2;https://image.tmdb.org/t/p/w500/mhL6H8td9dsT5LMS2koyTqcn94H.jpg
Kiki, la petite sorcière;https://image.tmdb.org/t/p/w500/tdOJxx6PCzjPYViSnk0OPQ80X2d.jpg
King Kong;https://image.tmdb.org/t/p/w500/bCuu3UWja1Ni6uWZeav4rEIDVYM.jpg
Kingsglaive: Final Fantasy XV;https://image.tmdb.org/t/p/w500/L5WLA3t9nIZLvQwQ2sm4eiXA1l.jpg
L'Abbé Pierre - Une vie de combats;https://image.tmdb.org/t/p/w500/6LjskUOqWCVN7GTFn6stARLzoyf.jpg
L'Aile ou la Cuisse;https://image.tmdb.org/t/p/w500/bPiy54eS2243YKp6l5u73UOL226.jpg
L'Amour et les Forêts;https://image.tmdb.org/t/p/w500/tvlD2ZFGGeTXwbKx49KIxFvJgw7.jpg
L'Année où la Terre a changé;https://image.tmdb.org/t/p/w500/jeSi4jBfuHiewPyfmXWU7Yo68Bt.jpg
L'Arnac?ur;
L'avare;https://image.tmdb.org/t/p/w500/foyd0H0qKTh5itWPeeiVHEvEYjG.jpg
L'Emprise;https://image.tmdb.org/t/p/w500/9xclJiGZgOkrxKuQhPCbVPTehpR.jpg
L'Enquête corse;https://image.tmdb.org/t/p/w500/aeYtaowpQTgp5OvIsimvsFHyNzG.jpg
L'établi;https://image.tmdb.org/t/p/w500/IPhULxzFXIFZl6fDJovRXDuD1S.jpg
L'ExoConférence;https://image.tmdb.org/t/p/w500/AwvzM0AhNZCu1nXdydvd83y0nOF.jpg
L'extraterrestre;https://image.tmdb.org/t/p/w500/ca83bKOBCbelQY2fOLDMtwoa5iY.jpg
L'histoire de Souleymane;https://image.tmdb.org/t/p/w500/jUVmSuqiJ4FTBpkeJe89khym116.jpg
L'homme orchestre;https://image.tmdb.org/t/p/w500/b6IYXmSNkWPSrDG8wyUisEP0c8n.jpg
L'homme qui murmurait à l'oreille des chevaux;https://image.tmdb.org/t/p/w500/jdAqwrqoEwjrbiuzyavJNnzNsLl.jpg
L'Imaginaire;https://image.tmdb.org/t/p/w500/totkDxL4QApB4xFr7gc1EdGkz7J.jpg
L'odyssée de Pi;https://image.tmdb.org/t/p/w500/blXairhpLg7HMcs9nGwWjkyfLC1.jpg
La 7ème Compagnie au clair de lune;https://image.tmdb.org/t/p/w500/qNBJf3mEfKmoB2iKAlAY3ux9wMB.jpg
La Belladone de la tristesse;https://image.tmdb.org/t/p/w500/8jYNCKu87rdFlM7sKMxW54EMuoA.jpg
La Belle et la Bête;https://image.tmdb.org/t/p/w500/lRdExxz6kfXVhE8QX3ytkI2Uwuo.jpg
La belle et le clochard;https://image.tmdb.org/t/p/w500/2NSswcmFR0SAZInJnniq1elmUdm.jpg
La colline aux coquelicots;https://image.tmdb.org/t/p/w500/rpv5r09jKELCC6A9lwB9sOvYTNi.jpg
La Couleur des sentiments;https://image.tmdb.org/t/p/w500/38iDqxrcbHxhXVKbJO8FAEXsnf8.jpg
La Faille;https://image.tmdb.org/t/p/w500/k8pOAQ0afjArx509qQbii326J5P.jpg
La folie des grandeurs;https://image.tmdb.org/t/p/w500/xNASylRuO77n6rkg2ehVTYyaJG7.jpg
La Grande Vadrouille;https://image.tmdb.org/t/p/w500/835Yw9f0gYyR8RSsDKL34VEgCjL.jpg
La Guerre des mondes;https://image.tmdb.org/t/p/w500/jnVnLfyA9MrBEsYx9vyq0e4dbLj.jpg
La légende de Zorro;https://image.tmdb.org/t/p/w500/hjWcpt9GI9v9NSkex58GUZhlS25.jpg
La Mémoire dans la peau;https://image.tmdb.org/t/p/w500/osEb1avYb9MvGUCOIIX0fiXUXDN.jpg
La Môme;https://image.tmdb.org/t/p/w500/thD71NvrSQwo45iFjnfPziJPVnj.jpg
La Mort dans la peau;https://image.tmdb.org/t/p/w500/nFVQqnlBQq0UGZESobzgT6ipy7B.jpg
La planète des singes : L'affrontement;https://image.tmdb.org/t/p/w500/ioCKDIwA4iXs8h4pEMTXN7E5LKG.jpg
La Planète des singes : Les origines;https://image.tmdb.org/t/p/w500/9BjFzzbke1sWu9IqJEFSTvTtTuU.jpg
La Planète des singes : Suprématie;https://image.tmdb.org/t/p/w500/38qfEWsoTEP898vtSDge3UGhirS.jpg
La Reine des neiges;https://image.tmdb.org/t/p/w500/nnQLuzh2H6tSk1U0Zyu0ju16FXU.jpg
La soupe aux choux;https://image.tmdb.org/t/p/w500/3Eym65PSArfU89O15Cct0JiaPHl.jpg
La tour Montparnasse infernale;https://image.tmdb.org/t/p/w500/heukySMm3v6NCV4lCqbyVK3ArGt.jpg
La traversée de Paris;https://image.tmdb.org/t/p/w500/2hZDXLY7AGUCsJNti6TZae2LEsQ.jpg
La Vengeance dans la peau;https://image.tmdb.org/t/p/w500/9b3pgWTwERTRYzaKgzgmcQBIEqS.jpg
La Vie est belle;https://image.tmdb.org/t/p/w500/c6NveyskoKlwAvouqEmKBRU0Pkp.jpg
La zizanie;https://image.tmdb.org/t/p/w500/oi3UJNkIZdkT1iqattbU2FHAVFH.jpg
La Zone d'intérêt;https://image.tmdb.org/t/p/w500/wD2eFNkSLV0ACM9C82qIYfTMFv9.jpg
Là-haut;https://image.tmdb.org/t/p/w500/k55kMEPkxGej70udPcVNqhTiwBz.jpg
Langue étrangère;https://image.tmdb.org/t/p/w500/NJEWmWS0zQyPTohN6DqzTm0aY7.jpg
Lara Croft : Tomb Raider;https://image.tmdb.org/t/p/w500/t7hdugSBoox8ojzrwZWPJtNMlWb.jpg
Lara Croft Tomb Raider : Le berceau de la vie;https://image.tmdb.org/t/p/w500/1UbRvMwbiCrkFHEeFVUiXeGvy7j.jpg
Le Château Ambulant;https://image.tmdb.org/t/p/w500/45PVXJUYfH6yIINcQKelQ0SJPvh.jpg
Le Château dans le Ciel;https://image.tmdb.org/t/p/w500/7tTUs77uOWee6GIOMB6OhtLgslI.jpg
Le Cinquième Élément;https://image.tmdb.org/t/p/w500/8nx8sttha1Zidt73SbNncVfSwqk.jpg
Le Comte de Monte-Cristo;https://image.tmdb.org/t/p/w500/g7kiprYdXxaYCZABWQwTWAgRYjl.jpg
Le Corniaud;https://image.tmdb.org/t/p/w500/xkCGWJ0GYx3nK2PoFZdpl6L49q1.jpg
Le Dernier Maître de l'air;https://image.tmdb.org/t/p/w500/pyrIblEYubMHy1ajtwpBmHSfVpH.jpg
Le détonateur;https://image.tmdb.org/t/p/w500/rvlqIiqtzciyGf2D4h35xb5kg8n.jpg
Le Dîner de cons;https://image.tmdb.org/t/p/w500/7ukFDHExWul2Zz3L0OH8CaZCp2Z.jpg
Le Discours;https://image.tmdb.org/t/p/w500/ygZyseJRszWxwnWEoiDvJJ5tSPV.jpg
Le discours d'un roi;https://image.tmdb.org/t/p/w500/vKi1anRrhFv4wnFfETWUk7RjIUJ.jpg
Le Fils;https://image.tmdb.org/t/p/w500/nccICTuD9vFh01gn8nFmmbeTkZO.jpg
Le Garçon et Le Héron;https://image.tmdb.org/t/p/w500/f9EoS3lVr644WXO8YPRvBiTS1K.jpg
Le Gendarme à New York;https://image.tmdb.org/t/p/w500/1p0OftpJ4Bdk5TCkxaZ37XQjGH9.jpg
Le gendarme de Saint-Tropez;https://image.tmdb.org/t/p/w500/6510K6Y8eYLf9FJ7O4xaOnwhn2u.jpg
Le Gendarme en balade;https://image.tmdb.org/t/p/w500/8vyd7FSnU1LOb1CpLI20KnZZjJX.jpg
Le Gendarme et les Extra-terrestres;https://image.tmdb.org/t/p/w500/3ZuUIAOjzT3rLkaSaIHB30UQZv3.jpg
Le Gendarme et les Gendarmettes;https://image.tmdb.org/t/p/w500/aMRRaX48RpSGp7RJxwkIJUndtdJ.jpg
Le Gendarme se marie;https://image.tmdb.org/t/p/w500/7e1OEPLRN4XqXiWjxXzKgnVZjPM.jpg
Le Grand Blond avec une chaussure noire;https://image.tmdb.org/t/p/w500/6keIr8ae1ntKtDARWroWC3LzZGA.jpg
Le Grand Restaurant;https://image.tmdb.org/t/p/w500/gTr2HfSlRpKf4KtJYyIQwNLADGm.jpg
Le Grinch;https://image.tmdb.org/t/p/w500/cmbQRAux3YdOIIk9RIj1Hq3C05f.jpg
Le Hobbit : La bataille des cinq armées;https://image.tmdb.org/t/p/w500/h4wjbuC61iMaCqrO3bmGQ3ibuJE.jpg
Le Hobbit : La désolation de Smaug;https://image.tmdb.org/t/p/w500/sqZWKOM4PXtJQH9tMveBtWCdKri.jpg
Le Hobbit : Un Voyage Inattendu;https://image.tmdb.org/t/p/w500/mdy9mG31U7jSB8edfRELv53Yfjp.jpg
Le Jour d'après;https://image.tmdb.org/t/p/w500/bU9K18nMLFHdsRc2msIjsZXRUdh.jpg
Le Labyrinthe 2 : La Terre brûlée;https://image.tmdb.org/t/p/w500/gOv0dajzdHiHc4WNfe7vbWxdfDB.jpg
Le Labyrinthe;https://image.tmdb.org/t/p/w500/op7r58ayFFeNClPX5jevmvYoUhR.jpg
Le Livre de la Jungle;https://image.tmdb.org/t/p/w500/zH2eliStUSXAiUpGJrxNf874omX.jpg
Le loup de Wall Street;https://image.tmdb.org/t/p/w500/dQIQZbJXn1pflQw3nwvXLJX0dHa.jpg
Le Mal n'existe pas;https://image.tmdb.org/t/p/w500/rgk6mTk0DSBKRHW59Ywh6fu1uMm.jpg
Le masque de Zorro;https://image.tmdb.org/t/p/w500/vy2ndJcvu0xiBrY2t4d023y2b0b.jpg
Le Monde de Charlie;https://image.tmdb.org/t/p/w500/k5tpS5SMZelIhiptSaGT0QbYowz.jpg
Le Monde de Dory;https://image.tmdb.org/t/p/w500/t2YKLraPb8cqPHXVp5BN0ZGJypI.jpg
Le Monde de Narnia : L'Odyssée du Passeur d'Aurore;https://image.tmdb.org/t/p/w500/x8j8rybJYzhAJOwAqjuW01FK8d6.jpg
Le Monde de Narnia : Le lion, la sorcière blanche et l'armoire magique;https://image.tmdb.org/t/p/w500/1jMFs9wIuVMNuTxGHJQ3oTBn9SY.jpg
Le Monde de Narnia, Chapitre 2 : Le Prince Caspian;https://image.tmdb.org/t/p/w500/yIn1vMGG0MLRtkn5etgNeuRpzy4.jpg
Le Monde de Nemo;https://image.tmdb.org/t/p/w500/8zR2vXoXfdlknEYjfHvCbb1rJbI.jpg
Le monde ne suffit pas;https://image.tmdb.org/t/p/w500/uoffFMywnkbxQ9Q9FSnyDfuXFEW.jpg
Le Pari;https://image.tmdb.org/t/p/w500/u5jwzdK6C7ffUNtMU8oxmn5YrhE.jpg
Le Parrain;https://image.tmdb.org/t/p/w500/k3uIbYtiuK8pwbCcbma29nTqmgG.jpg
Le Passé;https://image.tmdb.org/t/p/w500/xqd0zNRmo8L2aiN40xVBShXKvet.jpg
Le petit baigneur;https://image.tmdb.org/t/p/w500/6Mk8xMqpZR73p196AQeKSk8RV9Y.jpg
Le Petit Nicolas;https://image.tmdb.org/t/p/w500/hANHPZ4CdCdGSWlE1QPWHJyiSsd.jpg
Le Placard;https://image.tmdb.org/t/p/w500/aZc4NbG0qyvti6NuIqlRyh78YLe.jpg
Le Robot sauvage;https://image.tmdb.org/t/p/w500/2IUCa73cvvIgZSiJcNtPBf4L5iF.jpg
Le Roi Lion 2 : L'Honneur de la tribu;https://image.tmdb.org/t/p/w500/k3bXkFnSdEeQa5WcK1R1tfDKcDp.jpg
Le Roi Lion;https://image.tmdb.org/t/p/w500/6UHzgofq5T4NYp0ba3MelmrLwBq.jpg
Le Royaume des chats;https://image.tmdb.org/t/p/w500/eY97YUIyKfQNVugLa3MXVYX4nrw.jpg
Le Seigneur des anneaux : La Communauté de l'anneau;https://image.tmdb.org/t/p/w500/5OPg6M0yHr21Ovs1fni2H1xpKuF.jpg
Le Seigneur des Anneaux : Le Retour du Roi;https://image.tmdb.org/t/p/w500/aqiFUqswXVM58Tamux1ilnNvVRs.jpg
Le Seigneur des Anneaux : Les Deux Tours;https://image.tmdb.org/t/p/w500/qVHBqQYLDRs7ESjP9q6o9iPHLWj.jpg
Le Silence des agneaux;https://image.tmdb.org/t/p/w500/sSQDxwm4r28YpJSQVyVOtpYVs0E.jpg
Le tatoué;https://image.tmdb.org/t/p/w500/di97JkcCOACZnwmui6Qwzja44L3.jpg
Le Tombeau des lucioles;https://image.tmdb.org/t/p/w500/kQ29Tp6L43o1hVbyXxdtxAtLtZ3.jpg
Le vent se lève;https://image.tmdb.org/t/p/w500/bQcNJ8inwZuxAZ965jRCjjCti0D.jpg
Le Voyage de Chihiro;https://image.tmdb.org/t/p/w500/12TAqK0AUgdcYE9ZYZ9r7ASbH5Q.jpg
Léon;https://image.tmdb.org/t/p/w500/oBhmd3261OkJ4Yg2FdSiD2wnyfe.jpg
Les 11 commandements;https://image.tmdb.org/t/p/w500/9KarBHYVU9hXs1XLR5MoTkRkM6S.jpg
Les 12 Travaux d'Astérix;https://image.tmdb.org/t/p/w500/oR9I3ZhHCn8eZ1vQpPmoWrEL42g.jpg
Les 4 fantastiques;https://image.tmdb.org/t/p/w500/rNc4KARs6fVa4axzvuv3NfUiNy1.jpg
Les Affranchis;https://image.tmdb.org/t/p/w500/kc55cCUCZKtAFpsCnZKM5uLBzwh.jpg
Les Algues vertes;https://image.tmdb.org/t/p/w500/myWda3aAWVdFsrp73Xak3VI6dtf.jpg
Les Animaux Fantastiques 2 : Les Crimes de Grindelwald;https://image.tmdb.org/t/p/w500/aU1AKE8tTkZouGNImmArvfP5smR.jpg
Les Animaux Fantastiques;https://image.tmdb.org/t/p/w500/7641iyvTdREC0eO2YUPmIk4PtrO.jpg
Les aventures de Rabbi Jacob;https://image.tmdb.org/t/p/w500/uVOMfKqiXSGIeuXrXomi98H1JVr.jpg
Les aventures de Tintin : Le secret de la Licorne;https://image.tmdb.org/t/p/w500/rMSrjOnohgYRpjDuDbFvS3kfU6P.jpg
Les Aventuriers de l'arche perdue;https://image.tmdb.org/t/p/w500/nTsllJhHBDZndFudSB2RgeHuQAt.jpg
Les Bronzés;https://image.tmdb.org/t/p/w500/aUIne7L1aCBK64A6RvyAOcQzspQ.jpg
Les Bronzés 3 : Amis pour la vie;https://image.tmdb.org/t/p/w500/9g7z9WG6MS3Q8cYfxTTBC4Ckm9A.jpg
Les Bronzés font du ski;https://image.tmdb.org/t/p/w500/uTN0bp8yMUKesNTLXR1GnL2kLFs.jpg
Les Choristes;https://image.tmdb.org/t/p/w500/kfWIeoVIBBxLQKhJ22LWYvcEgaP.jpg
Les compères;https://image.tmdb.org/t/p/w500/t3qHHVYEPDpqQ6WXBaMvu76Su5d.jpg
Les Contes de Terremer;https://image.tmdb.org/t/p/w500/odkqZPwoH3xWMHsu3PM1IuR1t9e.jpg
Les Dalton;https://image.tmdb.org/t/p/w500/mWQR9eGbf9dTiceypaGKmVXzRVE.jpg
Les Enfants du Temps;https://image.tmdb.org/t/p/w500/aaA9BMG4fvq9KCLz3W4iVcAWRcU.jpg
Les Fabelman;https://image.tmdb.org/t/p/w500/4HNGWeWe1w0KT8A829cU5uVVeWK.jpg
Les femmes de ses rêves;https://image.tmdb.org/t/p/w500/wwDYsulqWM50hPadM6In9PiB7OA.jpg
Les figures de l'ombre;https://image.tmdb.org/t/p/w500/A7sbYhUGBYSycTfhj2CV4mz7Fuk.jpg
Les filles du botaniste;https://image.tmdb.org/t/p/w500/8FRnusvcTz3xfPL7GTChXHfeoH5.jpg
Les Fugitifs;https://image.tmdb.org/t/p/w500/dmrVlsTFOW6RRUpEANVpiOytHFK.jpg
Les Garçons et Guillaume, à table !;https://image.tmdb.org/t/p/w500/x22pq4jruMHjOV2Z8sSN7jigWlE.jpg
Les Gardiens de la Galaxie 2;https://image.tmdb.org/t/p/w500/tTnDWIADl5FbpxHBO07IQCNxyb9.jpg
Les Gardiens de la Galaxie Vol. 3;https://image.tmdb.org/t/p/w500/fhbh1yaI0knADy1PMMXh1fYYwST.jpg
Les Gardiens de la Galaxie;https://image.tmdb.org/t/p/w500/aaGDsYYjltMxrwgs4qnHse4qlGX.jpg
Les Graines du figuier sauvage;https://image.tmdb.org/t/p/w500/1DKK0YGGzK8B7iW2iV2eXMPLNk3.jpg
Les grandes vacances;https://image.tmdb.org/t/p/w500/pKT8yojNA0CpoRgVKMmZiaJ0maW.jpg
Les Huit Salopards;https://image.tmdb.org/t/p/w500/kV6ogsiIYzV2qZ43bLuDKuEAIR.jpg
Les Indestructibles 2;https://image.tmdb.org/t/p/w500/Apish2YD3QIAepzxZ96VLkqEZo3.jpg
Les Indestructibles;https://image.tmdb.org/t/p/w500/1FLKNiL41KPRgByj4uwlIqrpD6f.jpg
Les infiltrés;https://image.tmdb.org/t/p/w500/xHeuF5zzlx1YxkULiz0mx1TMBJ7.jpg
Les jeunes amants;https://image.tmdb.org/t/p/w500/mujq5wmAg4Im81GA8rWHiyiH5GQ.jpg
Les Kaïra;https://image.tmdb.org/t/p/w500/cUW7NUzXJbvsZyM0LAAo5ftgov6.jpg
Les Misérables;https://image.tmdb.org/t/p/w500/aqs9t5mktuuQHUzAMrfvwlI0bXG.jpg
Les noces rebelles;https://image.tmdb.org/t/p/w500/kVEOftGJlrfObA2UUfI9MaNrkjJ.jpg
Les Petites victoires;https://image.tmdb.org/t/p/w500/7abkBKQ65ktmLus53D8d9BVEDvp.jpg
Les rois mages;https://image.tmdb.org/t/p/w500/6OZpUpAsC7AfLl5vLsCLghsRna5.jpg
Les Simpson, le film;https://image.tmdb.org/t/p/w500/8RAHFsRCE4Jwa1jD00tWFCvrsIa.jpg
Les sous-doués;https://image.tmdb.org/t/p/w500/rbYoFUzstYpGw1A2UYDSh7SqQOn.jpg
Les Stagiaires;https://image.tmdb.org/t/p/w500/21snQO8T0roFVhwXRlb3RSU89Y.jpg
Les Suffragettes;https://image.tmdb.org/t/p/w500/bvFGYLOlXM1sd4n1oFL1tHtovrX.jpg
Les Trois Frères;https://image.tmdb.org/t/p/w500/nPrUw2hLIt9uWrGwfKjr0AbGWgd.jpg
Les Trois Frères, le retour;https://image.tmdb.org/t/p/w500/v5bjUXo1FHLZQO6nfwWcoc9D6lW.jpg
Les Tuche;https://image.tmdb.org/t/p/w500/ed1cbXew2Ez8FqDFN39xL1DKVH1.jpg
Les Tuche 2 : Le rêve américain;https://image.tmdb.org/t/p/w500/lQKTIBaI8BrsWY7CPcB8jgvW4vE.jpg
Les Tuche 3;https://image.tmdb.org/t/p/w500/9IcXXWC1aenAY0LrDowsBFMRTrp.jpg
Les vacances de Mr. Bean;https://image.tmdb.org/t/p/w500/ecfoGB5HE87sEP8o1ypTllzqUv2.jpg
Les Visiteurs;https://image.tmdb.org/t/p/w500/aNBbenF2FXhBzJyFqtcToXuzoMg.jpg
Les Visiteurs en Amérique;https://image.tmdb.org/t/p/w500/dnbJG1IUY19mKyVSwFxDMZ1v2On.jpg
Les Visiteurs II : Les Couloirs du temps;https://image.tmdb.org/t/p/w500/mciTsVi3m39crgQWUkktsu9cmgF.jpg
Libre;https://image.tmdb.org/t/p/w500/1cyo2yraWSOai6rokzK3dfz5xpD.jpg
Lincoln;https://image.tmdb.org/t/p/w500/14qv1Uzxwj6XtOJrQXJVX8J6K9G.jpg
Little Miss Sunshine;https://image.tmdb.org/t/p/w500/pUPR2pgiVfWMkHcE0SqaE4skDl9.jpg
Luca;https://image.tmdb.org/t/p/w500/bADnZZZdzQtajVwJ8MVWYlQ6Iq2.jpg
Lucy;https://image.tmdb.org/t/p/w500/hLKoSzjOPC8tQaA2AmFvDjBbKTw.jpg
Lumière, l'aventure continue !;https://image.tmdb.org/t/p/w500/8s5n8EEbdHMOc2qms86UkuNKk6x.jpg
Madame Irma;https://image.tmdb.org/t/p/w500/3JmXXkpiPXjCst15oV9uv31wfBQ.jpg
Mais où est donc passée la 7ème Compagnie ?;https://image.tmdb.org/t/p/w500/eGbSIQ9HumvikBxllond5uCVXjp.jpg
"Malcolm &amp; Marie";
Maman, j'ai raté l'avion;https://image.tmdb.org/t/p/w500/gFhf8NwvEKCbNIOQZxLqj1i5DMy.jpg
Man of Steel;https://image.tmdb.org/t/p/w500/3HGq0BI0ukKr53oPiTAgOXQprzc.jpg
Marie Heurtin;https://image.tmdb.org/t/p/w500/8hd45GfrxkM3wGFeapzit24SGBg.jpg
Marion, 13 ans pour toujours;https://image.tmdb.org/t/p/w500/aSKdBOQ4IiOOTR4ypwmtmLuFkUF.jpg
Mars Attacks!;https://image.tmdb.org/t/p/w500/ljW8CVhjhoJNrMor6pIQLM3Mhqr.jpg
Mary à tout prix;https://image.tmdb.org/t/p/w500/ad8kLFbtBqey2z1dYvcxyNVisMB.jpg
Matrix;https://image.tmdb.org/t/p/w500/wx2s9xYeC6uP2auuuVg99yl4RpU.jpg
Media Crash : qui a tué le débat public ?;https://image.tmdb.org/t/p/w500/bQFJ0PX746r2RAsumUmnoNgMctv.jpg
Mémoires d'une geisha;https://image.tmdb.org/t/p/w500/nodOVRLzxr9914qutKTs2NWB63P.jpg
Mensonges d'État;https://image.tmdb.org/t/p/w500/7lBQYIZRG3CHxLks7n5S1FcwnGY.jpg
Merlin l'enchanteur;https://image.tmdb.org/t/p/w500/fht7xph50bzcvtfsPkcrHRSPYcT.jpg
Meurs un autre jour;https://image.tmdb.org/t/p/w500/9divdJx8e8wCKvqiJSKFjVg5Mty.jpg
Million Dollar Baby;https://image.tmdb.org/t/p/w500/7yWwlgq12qZ4nMLQHhEf8ITaggn.jpg
Minimalism: A Documentary About the Important Things;https://image.tmdb.org/t/p/w500/2QXHf52RxGbw1PYrCtbD99iZdBV.jpg
Moi, Daniel Blake;https://image.tmdb.org/t/p/w500/jzxUfWrfpzurb1KYKYbVs6T39rL.jpg
Mon beau-père et moi;https://image.tmdb.org/t/p/w500/cEd840xfKawjUGjcnJj41KS3yBM.jpg
Mon beau-père, mes parents et moi;https://image.tmdb.org/t/p/w500/cCdZBRQbdlHu6Yyfp8GEEDZhgWV.jpg
Mon crime;https://image.tmdb.org/t/p/w500/A1ABwrOmR9rRBOBKfUsYKYpOhDd.jpg
Mon Voisin Totoro;https://image.tmdb.org/t/p/w500/eEpy8IiR8N0S6mgkdAjDCMlMYQO.jpg
"Monstres &amp; Cie";
Monstres Academy;https://image.tmdb.org/t/p/w500/dyFoZ2c8J3VLoHxzDTwaTnG1YYE.jpg
Mookie;https://image.tmdb.org/t/p/w500/avNQsXeDq7VsrROxuju9c8qscLS.jpg
Mother;https://image.tmdb.org/t/p/w500/mxJJ0IEOOdvMo5yO7rcJBqyZ11n.jpg
Mourir peut attendre;https://image.tmdb.org/t/p/w500/qseURFLjRBCqFCNCKmS2uwM9IOj.jpg
"Mr. &amp; Mrs. Smith";
Mulan;https://image.tmdb.org/t/p/w500/nWYuhyM8oQ4Gkktq0c2GCcKdJLv.jpg
Napoleon;https://image.tmdb.org/t/p/w500/fXjADp7ObaE3hXKSgBhA2DheZow.jpg
Nausicaä de la vallée du vent;https://image.tmdb.org/t/p/w500/sIcv6IiaL6Ad2KGUOdRyJHIZpgC.jpg
Ne le dis à personne;https://image.tmdb.org/t/p/w500/dNb8PDR4DyhUJqzCBjt7RmQHov9.jpg
Ne m'abandonne pas;https://image.tmdb.org/t/p/w500/d51kfTkTf10PaopFYyXFZOfZFF8.jpg
Nés en Chine;https://image.tmdb.org/t/p/w500/vtqmot91gkcRfeU42ChB5a2I1a1.jpg
Neuilly sa mère !;https://image.tmdb.org/t/p/w500/XLNEeGnPhazwU0GuEuJMShGUvS.jpg
Nightmare Alley;https://image.tmdb.org/t/p/w500/tbMON6DrX7sb8MCbsPwyQhQkmi3.jpg
Ninja Kids;https://image.tmdb.org/t/p/w500/kJjhmLG9eJWVZrKimZ6kCrQ0urF.jpg
Ninja Turtles;https://image.tmdb.org/t/p/w500/oI8xgHNhFFENvlUFmfacF2oMjva.jpg
Noam Chomsky : Requiem pour le rêve américain;https://image.tmdb.org/t/p/w500/teR1ZNJsPOtP7XjvHYQxquOWxEM.jpg
Noces;
Nomadland;https://image.tmdb.org/t/p/w500/oT7S2WbwJDtrvNsEos8xuUgbBRm.jpg
Non-Stop;https://image.tmdb.org/t/p/w500/yb4VH3gsAaIfNBA34E1FStSBrm.jpg
Nos étoiles contraires;https://image.tmdb.org/t/p/w500/cceVH3D1BsKJyHLKvKgc0Wa2m0.jpg
Nos jours heureux;https://image.tmdb.org/t/p/w500/507mUw7mtYpmjwJncOggw9gBZcG.jpg
Nostalgia;https://image.tmdb.org/t/p/w500/eZsZfK5IMiDmGjT7vsNrGnhq9Pm.jpg
Okja;https://image.tmdb.org/t/p/w500/lGKYvo280HerfHnPPUIz8SmB4fN.jpg
Oliver Twist;https://image.tmdb.org/t/p/w500/9eWIAOAvSUssq8m3N2QqTAT6syN.jpg
On a failli être amies;https://image.tmdb.org/t/p/w500/wjJBcwMv4uZXC1ig0jtRuJO3EBO.jpg
On a retrouvé la 7ème Compagnie !;https://image.tmdb.org/t/p/w500/oBsGkRLaeZzoJr4qnlyF6wZQst9.jpg
Once Upon a Time... in Hollywood;https://image.tmdb.org/t/p/w500/gG5J1KW2Gzj0Sz7al1mGkhXLSoB.jpg
One Piece : Le Royaume de Chopper, l'Étrange Île des Animaux;
One Piece, le Film;https://image.tmdb.org/t/p/w500/mcSelqZam2hcLWSb6kgcHWli2kw.jpg
One Piece: L'aventure de l'île de l'horloge;https://image.tmdb.org/t/p/w500/9GiO8rfRpdBvqP4iYG1STuTyDtC.jpg
One Piece: L'Aventure sans Issue;https://image.tmdb.org/t/p/w500/gWChdc5wO9rBfh8MzNve5tCIGmk.jpg
One Piece: La Malédiction de l'Épée Sacrée;https://image.tmdb.org/t/p/w500/h5gbvY5DFAxah8l0JalpmV2qLcM.jpg
Oppenheimer;https://image.tmdb.org/t/p/w500/boAUuJBeID7VNp4L7LNMQs8mfQS.jpg
Oscar (1967);
Parasite;https://image.tmdb.org/t/p/w500/tzMIFRvXLdjSMJbm6lQohWQE49Q.jpg
Past Lives : Nos vies d'avant;https://image.tmdb.org/t/p/w500/aFAANQwb3dYudPHXaQZX5NwVuTO.jpg
Pauvres Créatures;https://image.tmdb.org/t/p/w500/roRjNH7cRVrZQYv1Ex8ownMu2ey.jpg
Pearl Harbor;https://image.tmdb.org/t/p/w500/3oae9FJMWfvobqbl0CvXqqCftvU.jpg
Perfect Days;https://image.tmdb.org/t/p/w500/u2wMco0Uf5JqFLZAEhwIsKRikTS.jpg
Petite fille;https://image.tmdb.org/t/p/w500/9GqXQknXom7BUeUD1xxk3NZYa7p.jpg
Pirates des Caraïbes : Jusqu'au bout du monde;https://image.tmdb.org/t/p/w500/3JjceHUzbtgJ4fJs6x2ow4ckH89.jpg
Pirates des Caraïbes : La Fontaine de Jouvence;https://image.tmdb.org/t/p/w500/5JjjjGg24IGRXIQtaZkPU59acjV.jpg
Pirates des Caraïbes : La malédiction du Black Pearl;https://image.tmdb.org/t/p/w500/jFmc6zbnx6mSoxejECYvdi3IHIs.jpg
Pirates des Caraïbes : Le Secret du Coffre Maudit;https://image.tmdb.org/t/p/w500/bzOlMYEfNmgCDnFHj3zL3RBqwau.jpg
Pokémon 10 : L'Ascension de Darkrai;https://image.tmdb.org/t/p/w500/2oTBSVVxy9vYQtR0JCoPLuvxdgu.jpg
Pokémon 11 : Giratina et le gardien du ciel;https://image.tmdb.org/t/p/w500/yUguCUfSPB4M4oEjw1tNhgYxfoJ.jpg
Pokémon 12 : Arceus et le joyau de vie;https://image.tmdb.org/t/p/w500/nQw9bXjdAc8o4Mghec7RM92AdU9.jpg
Pokémon 13 : Zoroark, Le maître des illusions;https://image.tmdb.org/t/p/w500/djaFJ5nOAyGeY0bFrVJk5dryj6j.jpg
Pokémon 2 : le Pouvoir est en toi;https://image.tmdb.org/t/p/w500/t2xT3LsOOEkG8IoViwU6gYHo9p.jpg
Pokémon 3 : Le Sort des Zarbi;https://image.tmdb.org/t/p/w500/zGAfkES1lB33VJTMD6ue27TZ8Hv.jpg
Pokémon 4 : Célébi, la Voix de la Forêt;https://image.tmdb.org/t/p/w500/136V1VFLfv9pZ8XGhgMO1QgAjMV.jpg
Pokémon 5 : Les héros Pokemon;https://image.tmdb.org/t/p/w500/7mQb3MEwXPguFumilINOS7iPhaN.jpg
Pokémon 6 : Jirachi le génie des v?ux;
Pokémon 7 : La Destinée de Deoxys;https://image.tmdb.org/t/p/w500/jhTzkjwxb5dF8TmtlXVQtvzVP3F.jpg
Pokémon 8 : Lucario et le Mystère de Mew;https://image.tmdb.org/t/p/w500/r5OUy7LUo7J8lSMFKJ5ZDye0AAR.jpg
Pokémon 9 : Pokémon Ranger et le Temple des Mers;https://image.tmdb.org/t/p/w500/xzBMdBHvrawtuINtkrdKzJJqAlt.jpg
Pokemon, le film : Mewtwo contre-attaque;https://image.tmdb.org/t/p/w500/mWKoZkufBIqV3Aq18wqn4I0GlAs.jpg
Pokémon: Le Maître des mirages;https://image.tmdb.org/t/p/w500/3IZUl0q8nUlKyBxDEhvC5V3Ij9h.jpg
Pokémon: le Retour de Mewtwo;https://image.tmdb.org/t/p/w500/eyn0FBVNqHALyb9bsLL2wMCQV52.jpg
Police Academy;https://image.tmdb.org/t/p/w500/5E4IC0RGjD1w4IQ41QP7T4jcYeG.jpg
Police Academy 2 : Au boulot !;https://image.tmdb.org/t/p/w500/fzKj4atCzlDF3qU8yRfSBPf0hgR.jpg
Police Academy 3 : Instructeurs de choc;https://image.tmdb.org/t/p/w500/tVgdx4sEBwHcmdEFQdyLUfzzNb1.jpg
Police Academy 4 : Aux armes citoyens;https://image.tmdb.org/t/p/w500/gOGp2hboWw3jOtXjV6yhUM1SM59.jpg
Police Academy 5:  Débarquement à Miami Beach;https://image.tmdb.org/t/p/w500/c4tOEh98ggE5EU3yAoJRKuwKET6.jpg
Police Academy 6 : S.O.S. Ville en État de Choc;https://image.tmdb.org/t/p/w500/5afg03HxK5sdjsoUX19n6gCy7RY.jpg
Police Academy : Mission à Moscou;https://image.tmdb.org/t/p/w500/3dtpgvxr9BCELyUac3ot0BgzSM.jpg
Ponyo sur la Falaise;https://image.tmdb.org/t/p/w500/ud7spJ4CH0UlsBz5n3KcXTaCNH2.jpg
Porco Rosso;https://image.tmdb.org/t/p/w500/o5QGUhhOICBR4C9ZZqBAeocrVde.jpg
Portrait de la jeune fille en feu;https://image.tmdb.org/t/p/w500/lH2hSK6F1FZmS3ao384kZCMsbCl.jpg
Pouic-pouic;https://image.tmdb.org/t/p/w500/7715vX6RRrR6ArYFAYMYrkmAeY5.jpg
Pour elle;https://image.tmdb.org/t/p/w500/e8iom9xZi9bE2nN2TTYp3efyqvj.jpg
Presque comme les autres;https://image.tmdb.org/t/p/w500/f5izdqianwiTMDy3ZgFOvdr3XHt.jpg
Prête-moi ta main;https://image.tmdb.org/t/p/w500/gIGigsvqqdNjcBcjDoatjO1ychU.jpg
Pride;https://image.tmdb.org/t/p/w500/Kc3vbqO0X4VRnjACGNoWLNQvHo.jpg
Princesse Mononoké;https://image.tmdb.org/t/p/w500/1AfSDxBTYYtQRVY2V1ISgxXNPVx.jpg
Psychose;https://image.tmdb.org/t/p/w500/lzF8b44dAvXFagQnB1UZa2AF87q.jpg
Qu'est-ce qu'on a fait au Bon Dieu ?;https://image.tmdb.org/t/p/w500/uT9FhaKYzR8XQg0etoPiqQxaMj8.jpg
Ratatouille;https://image.tmdb.org/t/p/w500/iFcWBdTPeHQDS3OQxBcH3QaYXYv.jpg
Ready Player One;https://image.tmdb.org/t/p/w500/832ngDVXhOVp6HBnuMMeeWTrGXN.jpg
Rebelle;https://image.tmdb.org/t/p/w500/vUKn1OSyh6o9dYWyOADWtxPh9a8.jpg
Retour vers le futur II;https://image.tmdb.org/t/p/w500/pvSf95zo0GZNp83QCtmK1GFLHtT.jpg
Retour vers le futur III;https://image.tmdb.org/t/p/w500/xormrixo6PYdjyh31JWT2LCBmjO.jpg
Retour vers le futur;https://image.tmdb.org/t/p/w500/iCgFtDUZxN8iUzNBCisjUrBmg2q.jpg
Revoir Paris;https://image.tmdb.org/t/p/w500/yZshfKJXI8P6bv4LkmqJwDTU8Vl.jpg
Rien à déclarer;https://image.tmdb.org/t/p/w500/jpRl46I0GTynTeXurmY8YiONatC.jpg
Riposte féministe;https://image.tmdb.org/t/p/w500/mrMuGSWiPsvUbjNjhbwrRdIePYl.jpg
Robin des Bois;https://image.tmdb.org/t/p/w500/tSls6dSMuXz7AHjDuuFvRaNbxHx.jpg
Rogue One: A Star Wars Story;https://image.tmdb.org/t/p/w500/obsGPyNOAwkQbLRQOHR6a21VT23.jpg
Room;https://image.tmdb.org/t/p/w500/1pcPCKSNnyAtR3f3x5GKNqqu7Wn.jpg
RRRrrrr !!!;https://image.tmdb.org/t/p/w500/qsGU6myn85MfqpNAxzJtxJ3VgrM.jpg
Salt;https://image.tmdb.org/t/p/w500/xFpKPLer87KVLVrob85zVSjU9ZJ.jpg
Sans jamais nous connaître;https://image.tmdb.org/t/p/w500/tNM9eZorWI2meW3rxpenu6YjdtC.jpg
Scary Movie;https://image.tmdb.org/t/p/w500/y4FCONtCp92FEcb7Z6LzcqhFnQ7.jpg
Scary Movie 2;https://image.tmdb.org/t/p/w500/mMp80A2GMlHBCvescywvrJqGcF6.jpg
Scary Movie 3;https://image.tmdb.org/t/p/w500/xKj6r2pmdBScuEWBDYOhZ3gh9zS.jpg
Scary Movie 4;https://image.tmdb.org/t/p/w500/4Y9VAoqpMA3HkqwVCaetT0GZgBG.jpg
Scooby-Doo;https://image.tmdb.org/t/p/w500/32bzh3HnRZdE8oM9pwfmGJUYnvl.jpg
Seaspiracy : La pêche en question;https://image.tmdb.org/t/p/w500/iFNri0fwn1WfCoxf3H3v1z8dCm4.jpg
Seuls;https://image.tmdb.org/t/p/w500/jZsHa6lqu6ytEkjUdZZYVjFKSx3.jpg
Seuls Two;https://image.tmdb.org/t/p/w500/rTHbpk0oMY3ayHxaqwkssGlUbzR.jpg
Seven;https://image.tmdb.org/t/p/w500/66vBp6qBv5MdawrUis4axrQDzF9.jpg
Sexe intentions;https://image.tmdb.org/t/p/w500/tkShoPdnzijP1VdADBLghgephTC.jpg
Shrek;https://image.tmdb.org/t/p/w500/rJIju4i2sENrfTbAXwL9OKv2e1i.jpg
Shutter Island;https://image.tmdb.org/t/p/w500/fQ0vGVTtxjCdAJnxwPZ88O3Wzrh.jpg
Si tu tends l'oreille;https://image.tmdb.org/t/p/w500/y0MAMtcsKSCTq1WJbdsiBa5fckY.jpg
Silent Voice;https://image.tmdb.org/t/p/w500/xjeYI75uMBtBjNlJ0cDJZDFg5Yv.jpg
Simone, le voyage du siècle;https://image.tmdb.org/t/p/w500/lhPz5QuVvA220M7ZqTbShmb5Pxl.jpg
Simple comme Sylvain;https://image.tmdb.org/t/p/w500/5n86g2HpxLyz7F0AMRMFSy4hVko.jpg
Sister Act;https://image.tmdb.org/t/p/w500/x195QLkSpAPzGa76vkK7FIpZ16x.jpg
Skyfall;https://image.tmdb.org/t/p/w500/nNFECkwmrYoUQ17EnPTcSlRictV.jpg
Slumdog Millionaire;https://image.tmdb.org/t/p/w500/r9zN2ZwT2nuUew4r9oApWRkiyIm.jpg
Small Soldiers;https://image.tmdb.org/t/p/w500/13RoPwNFPtF1bopmOeUjFaCK8G6.jpg
Soul;https://image.tmdb.org/t/p/w500/c6Q7te0PPyL4rzlGkDByVeTKFYg.jpg
Souvenirs de Marnie;https://image.tmdb.org/t/p/w500/cc1UKEQCw7BJA7uWnZbd2tfqM4.jpg
Spider-Man;https://image.tmdb.org/t/p/w500/77Z0g5fc1qWJ7SfHyeiHsMkYx5O.jpg
Spider-Man 2;https://image.tmdb.org/t/p/w500/m8X5HdADsW5YdmVNjwTOArMOUoL.jpg
Spider-Man 3;https://image.tmdb.org/t/p/w500/hPkfodeYB0ZqBjxaynsEdXl0bbR.jpg
Spider-Man : New Generation;https://image.tmdb.org/t/p/w500/7uPGS5CgvIjDcFUhw9HB9qYeDXf.jpg
Spider-Man: Across the Spider-Verse;https://image.tmdb.org/t/p/w500/ydaJsTyrRimSQ1dTf2xvrmJKz5b.jpg
Spider-Man: Far From Home;https://image.tmdb.org/t/p/w500/9FkewgPxlMPjgKhFN7LaRJEqmCI.jpg
Spider-Man: Homecoming;https://image.tmdb.org/t/p/w500/77Z0g5fc1qWJ7SfHyeiHsMkYx5O.jpg
Spider-Man: No Way Home;https://image.tmdb.org/t/p/w500/jwfDFqzxBkXC5bERBZrCEfK9iii.jpg
Spoof Movie;https://image.tmdb.org/t/p/w500/6AMUF2rTkPbVyl9cZy32WroAIt3.jpg
Spy Kids;https://image.tmdb.org/t/p/w500/vswRApLVmHmmgBHNPbD7w5xfU0D.jpg
Star Trek (2009);
Star Trek Into Darkness;https://image.tmdb.org/t/p/w500/g9XEl6WP5IFixRhpQBezZ6TDbk4.jpg
Star Wars : Épisode I - La menace fantôme;https://image.tmdb.org/t/p/w500/fpEC910v5DrMvZteRNlKzXeHiHY.jpg
Star Wars : Épisode II - L'Attaque des clones;https://image.tmdb.org/t/p/w500/3nqpcTkODCBhuKuDQJ1dtRhgTqZ.jpg
Star Wars : Épisode III - La Revanche des Sith;https://image.tmdb.org/t/p/w500/2RcBuU8cdxFxCJibbiYCGNLApfz.jpg
Star Wars : Épisode IV - Un nouvel espoir;https://image.tmdb.org/t/p/w500/rLi9cokiFU20mLUPvQ0IRok3ELY.jpg
Star Wars : Épisode IX - L'ascension de Skywalker;https://image.tmdb.org/t/p/w500/1pQc75SdFOKpo2AqoL58z5kF3YI.jpg
Star Wars : Épisode V - L'Empire contre-attaque;https://image.tmdb.org/t/p/w500/8DmFxgQOPJ0QnAG1pB1PvjySI9b.jpg
Star Wars : Épisode VI - Le Retour du Jedi;https://image.tmdb.org/t/p/w500/tEQlCGiiWvMvfD7Sz8d99Pouy39.jpg
Star Wars : Épisode VII - Le réveil de la Force;https://image.tmdb.org/t/p/w500/zKZ1iF1ABqL7a16u6Im8JTQKp7H.jpg
Star Wars : Épisode VIII - Les derniers Jedi;https://image.tmdb.org/t/p/w500/pS80gMevVINVyrwEHrILOxqwdAY.jpg
Stargate : La porte des étoiles;https://image.tmdb.org/t/p/w500/kMtQbT9H5FEzmmXPi0hF5NfbMfB.jpg
States of Grace;https://image.tmdb.org/t/p/w500/3jxGlUcDOIBc0gt8KI7ILwokZk6.jpg
Super 8;https://image.tmdb.org/t/p/w500/bvKX9drla2TYxcf4Z8VLkvDSLJW.jpg
Super Héros Movie;https://image.tmdb.org/t/p/w500/b6n2SJjWJNBwkZ06PSdTF2LFTYT.jpg
Super Mario Bros. le film;https://image.tmdb.org/t/p/w500/ahMxyHMSJXingQr4yJBMzMU9k42.jpg
Sur un arbre perché;https://image.tmdb.org/t/p/w500/91SYK4YPHZYwyM8Zp049xQDMrOL.jpg
Suzume;https://image.tmdb.org/t/p/w500/hOJYwkVSgXtE3BJFN0bRPKdLJLj.jpg
Tais-toi !;https://image.tmdb.org/t/p/w500/4EQz0xv3SUuHabuhAcfXZorMWgv.jpg
Tales of Vesperia: The First Strike;https://image.tmdb.org/t/p/w500/3PRNjXJRv49vPHlEBrj9GyAJnNt.jpg
Tallulah;https://image.tmdb.org/t/p/w500/9kG86fYSa8Ug0o8RoT96Kce4URt.jpg
Taxi;https://image.tmdb.org/t/p/w500/dXoAD57AtJ6homhVQv39Lb21FiC.jpg
Taxi 2;https://image.tmdb.org/t/p/w500/ykpuFTUtnpqJqIvmEOMCZtTwaeg.jpg
Taxi 3;https://image.tmdb.org/t/p/w500/7WFk7RUzVpOgd8v2SExD7XHjd1y.jpg
Taxi 4;https://image.tmdb.org/t/p/w500/w24fH10gcaX1pf2VkViBzNgHVt5.jpg
Ted;https://image.tmdb.org/t/p/w500/zdZKj5nqe3tEwuzEYbxAgMESFe7.jpg
Tel père, tel fils;https://image.tmdb.org/t/p/w500/Bzi1wEVSgdAApKkmzcFFZHxgZo.jpg
Tenet;https://image.tmdb.org/t/p/w500/72SOtZnFhCumLRZhoXlX8g2IkgF.jpg
Tetris;https://image.tmdb.org/t/p/w500/4F2QwCOYHJJjecSvdOjStuVLkpu.jpg
The Amazing Spider-Man;https://image.tmdb.org/t/p/w500/rZ47R21ZGNTGr5ORxdMmxQWdcFn.jpg
The Amazing Spider-Man : Le destin d'un héros;https://image.tmdb.org/t/p/w500/rZ47R21ZGNTGr5ORxdMmxQWdcFn.jpg
The Apprentice;https://image.tmdb.org/t/p/w500/3LdsYinwPmfOGMfXChOkooBX7Pg.jpg
The Banker;https://image.tmdb.org/t/p/w500/j5KjgXMuFPyLsZmFb6Fs76G593G.jpg
The Batman;https://image.tmdb.org/t/p/w500/t9JGg10CW1DzXEdWL54ewkUko6N.jpg
The Dark Knight : Le Chevalier noir;https://image.tmdb.org/t/p/w500/pyNXnq8QBWoK3b37RS6C3axwUOy.jpg
The Dark Knight Rises;https://image.tmdb.org/t/p/w500/ApcGBERN0p9I0nDOIwJeEmpnLU5.jpg
The Descendants;https://image.tmdb.org/t/p/w500/6oP6Xb3xdnW13DuGwvj9F6bX2sW.jpg
The Elephant Mother;https://image.tmdb.org/t/p/w500/5LI9ikFginL484gTdfx3HUw51ni.jpg
The Father;https://image.tmdb.org/t/p/w500/aPbZJy9LMY1imupfjlrAO1ikg8c.jpg
The Impossible;https://image.tmdb.org/t/p/w500/AozMgdALZuR1hDPZt2a1aXiWmL4.jpg
The Mask;https://image.tmdb.org/t/p/w500/5OBK9sksRSyrwrcMtxpdxql75Sw.jpg
The Revenant;https://image.tmdb.org/t/p/w500/AsDto68FNWNXD15Ov0yMXASJiSB.jpg
The Social Network;https://image.tmdb.org/t/p/w500/cvUfwhoAReL4e5eegFCHM73rIda.jpg
The Town;https://image.tmdb.org/t/p/w500/hFmB2E44cfQ48rIFNfqNp5qfSco.jpg
The Witcher : Le cauchemar du Loup;https://image.tmdb.org/t/p/w500/4nbCNUIiwosUreAmmPn0nrHCivI.jpg
The X-Files : Régénération;https://image.tmdb.org/t/p/w500/nZFOfv6nDoDzBhhS6UdbJEleUBe.jpg
The X-Files, le film : Combattre le futur;
Thor;https://image.tmdb.org/t/p/w500/q8pF6s9b9veTQvxTqMDIQf9nJKi.jpg
Thor : Le monde des ténèbres;https://image.tmdb.org/t/p/w500/eAIGX0nlwlb5sMb4uDRGNFqMyG9.jpg
Tintin et le mystère de la Toison d'Or;https://image.tmdb.org/t/p/w500/rOBxyy1JxIWFXI2F3T17a3C7spi.jpg
Tintin et les oranges bleues;https://image.tmdb.org/t/p/w500/yvq90SXKNWoF31nfcfDqSxuYOtl.jpg
Titanic;https://image.tmdb.org/t/p/w500/vpsvHLkoeKUjceIMeNSqCp3xEyY.jpg
Tolkien;https://image.tmdb.org/t/p/w500/sA9vfeiGFQDpQDHeEQsKKJKzEgQ.jpg
Tomb Raider;https://image.tmdb.org/t/p/w500/t7hdugSBoox8ojzrwZWPJtNMlWb.jpg
Tout ce qui brille;https://image.tmdb.org/t/p/w500/fzhdn6roB62p7AwkbisWxtysZSH.jpg
Toy Story;https://image.tmdb.org/t/p/w500/4cWLRhub0yY9VJpdw0nqoTPYyiN.jpg
Toy Story 2;https://image.tmdb.org/t/p/w500/144DDQdfZxAK5xyPTETmygzGGuH.jpg
Toy Story 3;https://image.tmdb.org/t/p/w500/hhOQ0FGXs0ux2GNMihx9itfRCm1.jpg
Toy Story 4;https://image.tmdb.org/t/p/w500/smFyhZHuOCZEmH0kfXOrJLC3Acx.jpg
Transformers;https://image.tmdb.org/t/p/w500/riwrxn8gSdvHqARVxSlwMaEJxT3.jpg
Transformers 2 : La Revanche;https://image.tmdb.org/t/p/w500/fgUlcYSp0iY1fJN9mPx6ZR50mjp.jpg
Transformers 3 : La face cachée de la lune;https://image.tmdb.org/t/p/w500/30ARa1BLnID8t7O4tPzTDXTa6pZ.jpg
Treize à la douzaine 2;https://image.tmdb.org/t/p/w500/vfi2UhsvKYcXwGutJpThFLba96n.jpg
Treize à la douzaine;https://image.tmdb.org/t/p/w500/1lQ0VkWSW9DwH7fIexgALK3Z6aB.jpg
Tu es mon fils;https://image.tmdb.org/t/p/w500/gdXY1BJUdE1IgERl4N0xhPSAGtl.jpg
Twilight : Chapitre 1 - Fascination;https://image.tmdb.org/t/p/w500/8phJ4i9m1tBDJbOwwQPvdeWhN2h.jpg
Twilight : Chapitre 2 - Tentation;https://image.tmdb.org/t/p/w500/qgVulW7kkuvs3VnI0fuzLQmMTjt.jpg
Un indien dans la ville;https://image.tmdb.org/t/p/w500/qysVy8is0no4YFadX0bUB71GpVc.jpg
Un pays qui se tient sage;https://image.tmdb.org/t/p/w500/s6JOPaXECRXIkVYZqWdUeWzMm3u.jpg
Un sac de billes;https://image.tmdb.org/t/p/w500/7ihcd5LHu99w0Z4qsDf0nrRT0Oa.jpg
Une bataille après l'autre;https://image.tmdb.org/t/p/w500/mnlzDEFOiut55lzM9Lt9ga8xpwo.jpg
Une merveilleuse histoire du temps;https://image.tmdb.org/t/p/w500/ab7iTHrBR0Ik1tJnLW3JauLImH9.jpg
Une vie meilleure;https://image.tmdb.org/t/p/w500/rbakPCBP4lCbChOxwB9PuB6Aq4w.jpg
Une vie;https://image.tmdb.org/t/p/w500/gDk9X9tkkzmdpVnKrQV58FkXlo1.jpg
V pour Vendetta;https://image.tmdb.org/t/p/w500/4HFt1jyjZD3MssiyNPJLToqGd1v.jpg
Venise n'est pas en Italie;https://image.tmdb.org/t/p/w500/7UbCvdOeVAq7Jefm4df0URzrrP0.jpg
Very Bad Trip 2;https://image.tmdb.org/t/p/w500/cxMt5EMcyZYQZo3WAEJvGulM7bf.jpg
Very Bad Trip;https://image.tmdb.org/t/p/w500/dGOwVbGN5eJlgAnFwGRaANnyZMF.jpg
Vice-versa 2;https://image.tmdb.org/t/p/w500/9Jic8z9NEeCEmSJFgFHZF1lWMFo.jpg
Vice-versa;https://image.tmdb.org/t/p/w500/9Jic8z9NEeCEmSJFgFHZF1lWMFo.jpg
Wall-E;https://image.tmdb.org/t/p/w500/2OkAl587iD11bUhI7awoTE5kVtb.jpg
Wasabi;https://image.tmdb.org/t/p/w500/7TbnpjIKzq5OKUyF72rcwNDyI5f.jpg
Watchmen : Les gardiens;https://image.tmdb.org/t/p/w500/rkTlmmIwwNQtC789SrhGsZ2i1cd.jpg
We Are Legion: The Story of the Hacktivists;https://image.tmdb.org/t/p/w500/6h3KVwIyPCh1pzS4mchjuUBgZ17.jpg
Welcome;https://image.tmdb.org/t/p/w500/fudxnXlTTBIDCkpR7XhlIgkNaUY.jpg
What the Health;https://image.tmdb.org/t/p/w500/sz9cPeSmiGLA1EDUPszlrWfSrId.jpg
Wild Wild West;https://image.tmdb.org/t/p/w500/1OhncZC6cC23SwU63IIi25Dp1fR.jpg
Winter's Bone;https://image.tmdb.org/t/p/w500/p2znBxnJttKZ0IWT0YXvFlhXD3A.jpg
X-Men;https://image.tmdb.org/t/p/w500/xb7L5jvBdUaQzUjBglutxzHZDQp.jpg
X-Men 2;https://image.tmdb.org/t/p/w500/t4GcIXUiMZsPoyOuxThKjjsb76D.jpg
X-Men : Le commencement;https://image.tmdb.org/t/p/w500/gionQv04AWnRaDMNvBF24uJMSTf.jpg
X-Men: Days of Future Past;https://image.tmdb.org/t/p/w500/oMfkCE8yNuf53Xqu5k0zECF7nPr.jpg
Y a-t-il un flic pour sauver l'humanité ?;https://image.tmdb.org/t/p/w500/znjzaCzRAd4tYeL6NbfHUZsZcyo.jpg
Y a-t-il un flic pour sauver le président ?;https://image.tmdb.org/t/p/w500/dsL3KgRP9oLTsnFblH0rXjzr4gV.jpg
Yamakasi : Les samouraïs des temps modernes;https://image.tmdb.org/t/p/w500/YRsXykyaXm3ABsfdfzxV59c17K.jpg
Your Name;https://image.tmdb.org/t/p/w500/zyHjvVRgKOt9wgVx4ikp2kGArGF.jpg
Ze Inconnus Story, Le bôcoup meilleur (vol 1);https://image.tmdb.org/t/p/w500/vqjkvzcL69GeMJ7hpdGY7fD7Wg2.jpg
Ze Inconnus Story, Le bôcoup meilleur (vol 2);https://image.tmdb.org/t/p/w500/kKLEnVZfHSnQFwCdXgUMdzXaAkc.jpg
Ze Inconnus Story, Le bôcoup meilleur (vol 3);https://image.tmdb.org/t/p/w500/h3IERt772cNGY3Krs4LIHhREDnF.jpg
Ze Inconnus Story, Le bôcoup meilleur (vol 4);https://image.tmdb.org/t/p/w500/gS1OPw2feynyDL1rQ3aYfHyjA2y.jpg
Ze Inconnus Story, Le bôcoup meilleur (vol 5);https://image.tmdb.org/t/p/w500/xoGlw7p7OAudbXmpaxDp0XL5JZA.jpg
